Gender,Married,Dependents,Education,Self_Employed,ApplicantIncome,CoapplicantIncome,LoanAmount,Loan_Amount_Term,Credit_History,Property_Area,Loan_Status
0,0.0,0.0,1.0,0.0,0.07048855905998763,0.0,0.19885985841123324,0.7435897435897436,1.0,1.0,1.0
0,1.0,0.3333333333333333,1.0,0.0,0.05482993197278912,0.03619171046631627,0.17221418234442837,0.7435897435897436,1.0,0.0,0.0
0,1.0,0.0,1.0,1.0,0.03525046382189239,0.0,0.0824891461649783,0.7435897435897436,1.0,1.0,1.0
0,1.0,0.0,0.0,0.0,0.030092764378478663,0.05659154726762186,0.16063675832127353,0.7435897435897436,1.0,1.0,1.0
0,0.0,0.0,1.0,0.0,0.07235621521335807,0.0,0.191027496382055,0.7435897435897436,1.0,1.0,1.0
0,1.0,0.6666666666666666,1.0,1.0,0.06514533085961657,0.100703194374445,0.37337192474674386,0.7435897435897436,1.0,1.0,1.0
0,1.0,0.0,0.0,0.0,0.027000618429189858,0.03638370893032856,0.12445730824891461,0.7435897435897436,1.0,1.0,1.0
0,1.0,1.0,1.0,0.0,0.03569573283858998,0.060095519235846113,0.21562952243125905,0.7435897435897436,0.0,0.5,0.0
0,1.0,0.6666666666666666,1.0,0.0,0.04769325912183055,0.03662370701034392,0.2301013024602026,0.7435897435897436,1.0,1.0,1.0
0,1.0,0.3333333333333333,1.0,0.0,0.15696969696969698,0.2632298941608467,0.492040520984081,0.7435897435897436,1.0,0.5,0.0
0,1.0,0.6666666666666666,1.0,0.0,0.03772418058132344,0.01679986560107519,0.08827785817655572,0.7435897435897436,1.0,1.0,1.0
0,1.0,0.6666666666666666,1.0,0.0,0.02906617192331478,0.04415964672282622,0.1447178002894356,0.7435897435897436,1.0,1.0,1.0
0,1.0,0.6666666666666666,1.0,0.0,0.036153370439084724,0.1945424436604507,0.276410998552822,0.7435897435897436,1.0,1.0,1.0
0,0.0,0.0,1.0,0.0,0.021063698206555348,0.0681594547243622,0.15195369030390737,0.7435897435897436,1.0,0.0,0.0
0,1.0,0.6666666666666666,1.0,0.0,0.014211502782931354,0.026063791489668083,0.011577424023154847,0.23076923076923078,1.0,1.0,1.0
0,0.0,0.0,1.0,0.0,0.059369202226345084,0.0,0.1678726483357453,0.7435897435897436,1.0,1.0,1.0
0,0.0,0.3333333333333333,0.0,0.0,0.04262213976499691,0.0,0.1316931982633864,0.48717948717948717,1.0,1.0,1.0
1,0.0,0.0,1.0,0.0,0.04155844155844156,0.0,0.09696092619392185,0.7435897435897436,0.0,1.0,0.0
0,1.0,0.0,0.0,0.0,0.0585899814471243,0.0,0.17945007235890015,0.7435897435897436,1.0,0.0,0.0
0,1.0,0.0,1.0,0.0,0.030303030303030304,0.08399932800537596,0.15340086830680175,0.7435897435897436,1.0,1.0,1.0
0,1.0,0.0,0.0,0.0,0.09288806431663575,0.0,0.13748191027496381,0.7435897435897436,0.0,1.0,0.0
0,1.0,0.3333333333333333,1.0,0.0,0.07179962894248608,0.13499892000863994,0.44283646888567296,0.7435897435897436,1.0,1.0,1.0
0,1.0,0.0,0.0,0.0,0.030303030303030304,0.045863633090935274,0.1548480463096961,0.7435897435897436,0.0,0.5,0.0
0,1.0,0.6666666666666666,0.0,0.0,0.03976499690785405,0.04600763193894449,0.14905933429811866,0.7435897435897436,0.0,0.0,0.0
0,1.0,0.3333333333333333,1.0,0.0,0.04411873840445269,0.07019943840449276,0.20549927641099855,0.7435897435897436,1.0,0.5,0.0
0,1.0,0.0,1.0,1.0,0.11638837353123067,0.0,0.2633863965267728,0.7435897435897436,1.0,0.5,1.0
0,1.0,0.0,1.0,0.0,0.032764378478664195,0.05407156742746058,0.16353111432706222,0.7435897435897436,1.0,0.5,1.0
0,1.0,0.6666666666666666,0.0,0.0,0.0504143475572047,0.024959800321597427,0.14616497829232997,0.7435897435897436,1.0,1.0,1.0
0,0.0,0.0,0.0,0.0,0.01598021026592455,0.0,0.03762662807525326,0.7435897435897436,1.0,1.0,0.0
1,0.0,0.6666666666666666,1.0,0.0,0.04452690166975881,0.049991600067199465,0.16063675832127353,0.7435897435897436,1.0,0.5,1.0
0,1.0,0.3333333333333333,1.0,0.0,0.04967223252937539,0.08085535315717474,0.2778581765557164,0.7435897435897436,1.0,1.0,0.0
0,0.0,0.0,1.0,0.0,0.037316017316017316,0.0,0.09406657018813314,0.7435897435897436,1.0,1.0,0.0
0,0.0,0.3333333333333333,1.0,1.0,0.05617810760667904,0.0,0.14037626628075253,0.7435897435897436,1.0,0.0,0.0
0,1.0,0.0,1.0,0.0,0.04143475572047001,0.04000767993856049,0.15195369030390737,0.7435897435897436,1.0,0.5,1.0
0,0.0,1.0,1.0,0.0,0.15275200989486704,0.07199942400460796,0.45007235890014474,0.7435897435897436,1.0,0.0,0.0
0,1.0,0.0,1.0,0.0,0.026283240568954855,0.04960760313917489,0.19885985841123324,0.7435897435897436,1.0,1.0,1.0
0,1.0,0.0,1.0,0.0,0.02075448361162647,0.03191974464204286,0.1316931982633864,0.7435897435897436,0.0,1.0,0.0
1,1.0,0.0,1.0,0.0,0.043500309214594926,0.03501571987424101,0.19536903039073805,0.7435897435897436,1.0,0.5,1.0
0,0.0,0.0,1.0,0.0,0.04967223252937539,0.17303861569107448,0.2532561505065123,0.7435897435897436,1.0,1.0,1.0
0,0.0,0.0,0.0,0.0,0.0445021645021645,0.04003167974656203,0.14616497829232997,0.7435897435897436,1.0,0.5,1.0
0,0.0,0.0,1.0,0.0,0.04267161410018553,0.0,0.10274963820549927,0.7435897435897436,1.0,1.0,0.0
0,0.0,0.0,1.0,0.0,0.02040816326530612,0.029111767105863152,0.05499276410998553,0.7435897435897436,1.0,1.0,1.0
0,1.0,0.0,1.0,0.0,0.027829313543599257,0.0,0.0955137481910275,0.7435897435897436,1.0,1.0,1.0
0,1.0,0.0,1.0,0.0,0.04688930117501546,0.056063551491588065,0.1808972503617945,0.7435897435897436,1.0,0.5,1.0
0,1.0,0.0,0.0,1.0,0.056215213358070504,0.0,0.12590448625180897,0.7435897435897436,1.0,1.0,1.0
1,0.0,0.0,1.0,0.0,0.040321583178726035,0.0,0.11432706222865413,0.7435897435897436,1.0,1.0,1.0
0,1.0,0.3333333333333333,1.0,0.0,0.06801484230055659,0.0,0.05065123010130246,0.7435897435897436,1.0,1.0,1.0
0,1.0,0.0,1.0,0.0,0.07014223871366729,0.0,0.19536903039073805,0.7435897435897436,1.0,1.0,1.0
1,1.0,0.0,1.0,0.0,0.03085961657390229,0.0825593395252838,0.16063675832127353,0.7435897435897436,0.0,1.0,0.0
1,0.0,0.0,1.0,0.0,0.047619047619047616,0.05459956320349437,0.19536903039073805,0.7435897435897436,1.0,0.5,1.0
1,1.0,0.0,0.0,0.0,0.021991341991341992,0.039455684354525164,0.1316931982633864,0.7435897435897436,1.0,0.5,1.0
1,0.0,0.0,1.0,0.0,0.03631416202844774,0.0,0.16063675832127353,0.7435897435897436,1.0,0.5,1.0
1,0.0,0.0,1.0,0.0,0.05046382189239332,0.0,0.14905933429811866,0.7435897435897436,1.0,0.5,0.0
0,1.0,0.6666666666666666,1.0,0.0,0.05523809523809524,0.0,0.1808972503617945,0.7435897435897436,1.0,1.0,0.0
1,1.0,0.3333333333333333,1.0,1.0,0.14038342609771182,0.0,0.40086830680173663,0.7435897435897436,0.0,1.0,0.0
0,1.0,0.6666666666666666,1.0,0.0,0.03163883735312307,0.0280077759377925,0.12735166425470332,0.7435897435897436,1.0,0.5,1.0
0,1.0,0.0,1.0,0.0,0.024514533085961656,0.038183694530443756,0.12590448625180897,0.7435897435897436,1.0,0.5,1.0
0,1.0,0.0,1.0,0.0,0.03977736549165121,0.05279957760337917,0.18234442836468887,0.7435897435897436,1.0,0.0,0.0
0,1.0,0.3333333333333333,1.0,0.0,0.09808286951144093,0.05399956800345597,0.24746743849493488,0.7435897435897436,1.0,1.0,1.0
0,1.0,0.6666666666666666,0.0,0.0,0.03966604823747681,0.06861545107639139,0.19536903039073805,0.7435897435897436,1.0,1.0,1.0
0,1.0,0.0,1.0,0.0,0.02906617192331478,0.09110327117383062,0.16063675832127353,0.7435897435897436,1.0,1.0,1.0
0,1.0,1.0,1.0,0.0,0.0356091527520099,0.0,0.13024602026049203,0.7435897435897436,1.0,1.0,1.0
0,1.0,0.0,0.0,1.0,0.0304143475572047,0.08277533779729762,0.22575976845151954,0.358974358974359,0.0,0.0,0.0
0,1.0,0.3333333333333333,1.0,0.0,0.05930735930735931,0.0,0.19885985841123324,0.7435897435897436,0.0,0.0,0.0
1,0.0,0.0,1.0,0.0,0.04967223252937539,0.0,0.1548480463096961,0.7435897435897436,0.0,0.5,0.0
0,1.0,0.0,1.0,0.0,0.06896722325293754,0.11027911776705786,0.36034732272069464,0.7435897435897436,1.0,0.5,0.0
0,0.0,0.0,0.0,0.0,0.03772418058132344,0.05409556723546212,0.16931982633863965,0.358974358974359,0.0,1.0,0.0
0,1.0,0.3333333333333333,1.0,0.0,0.1311069882498454,0.0,0.4384949348769899,0.7435897435897436,1.0,1.0,1.0
0,1.0,1.0,0.0,1.0,0.08596165739022882,0.0,0.1678726483357453,0.10256410256410256,1.0,1.0,1.0
1,0.0,0.0,1.0,0.0,0.051329622758194186,0.0,0.1837916063675832,0.7435897435897436,0.0,0.5,0.0
0,1.0,0.0,1.0,0.0,0.03782312925170068,0.07358341133270933,0.23589001447178004,0.7435897435897436,1.0,1.0,1.0
0,1.0,0.6666666666666666,0.0,1.0,0.021335807050092765,0.044999640002879975,0.12735166425470332,0.7435897435897436,1.0,0.5,1.0
0,0.0,0.0,1.0,0.0,0.04143475572047001,0.0,0.10419681620839363,0.6153846153846154,1.0,0.5,1.0
0,1.0,1.0,0.0,0.0,0.056957328385899814,0.0,0.12445730824891461,0.7435897435897436,0.0,0.5,0.0
0,1.0,1.0,1.0,1.0,0.06327767470624614,0.042575659394724845,0.2575976845151954,0.7435897435897436,1.0,0.5,1.0
0,0.0,0.0,1.0,0.0,0.04452690166975881,0.0,0.15050651230101303,1.0,1.0,1.0,0.0
0,0.0,0.0,1.0,0.0,0.04452690166975881,0.11399908800729594,0.24167872648335745,0.7435897435897436,1.0,1.0,0.0
0,1.0,0.3333333333333333,1.0,1.0,0.010513296227581941,0.07252741978064176,0.14616497829232997,0.7435897435897436,1.0,1.0,0.0
0,1.0,1.0,1.0,0.0,0.037316017316017316,0.09599923200614395,0.24746743849493488,0.6153846153846154,0.0,0.5,0.0
0,1.0,1.0,0.0,1.0,0.03936920222634508,0.05198358413132695,0.17510853835021709,0.7435897435897436,1.0,0.5,1.0
1,0.0,0.0,1.0,0.0,0.045714285714285714,0.0,0.1476121562952243,0.7435897435897436,1.0,0.5,1.0
0,1.0,0.3333333333333333,1.0,1.0,0.02776747062461348,0.0,0.19885985841123324,0.7435897435897436,1.0,0.5,1.0
1,1.0,0.6666666666666666,1.0,0.0,0.015188620902906617,0.04514363885088919,0.22865412445730826,0.7435897435897436,1.0,1.0,0.0
0,1.0,0.0,1.0,0.0,0.07235621521335807,0.05399956800345597,0.3704775687409551,0.7435897435897436,1.0,0.5,0.0
0,1.0,0.3333333333333333,1.0,0.0,0.047470624613481754,0.0,0.059334298118668596,0.48717948717948717,1.0,1.0,1.0
0,0.0,0.0,1.0,0.0,0.02740878169449598,0.06074351405188758,0.1837916063675832,0.7435897435897436,1.0,0.5,1.0
0,1.0,0.6666666666666666,0.0,0.0,0.03936920222634508,0.047999616003071975,0.13024602026049203,0.7435897435897436,1.0,0.5,1.0
0,1.0,0.0,1.0,0.0,0.02906617192331478,0.05083159334725322,0.13748191027496381,0.7435897435897436,1.0,0.5,1.0
0,0.0,0.0,1.0,0.0,0.10409400123685839,0.0,0.29088277858176553,0.7435897435897436,1.0,1.0,1.0
0,1.0,0.0,1.0,0.0,0.06858379715522572,0.10000719994240045,0.2402315484804631,0.7435897435897436,1.0,0.5,1.0
0,1.0,0.0,1.0,0.0,0.03473098330241187,0.06959944320445437,0.17655571635311143,0.7435897435897436,1.0,0.5,1.0
0,1.0,0.6666666666666666,1.0,0.0,0.07544836116264687,0.13569491444068446,0.2590448625180897,0.358974358974359,1.0,0.5,1.0
0,1.0,0.6666666666666666,0.0,0.0,0.03862708719851577,0.0436796505627955,0.10419681620839363,0.7435897435897436,1.0,1.0,1.0
0,0.0,0.0,1.0,0.0,0.04926406926406927,0.0,0.16353111432706222,0.7435897435897436,1.0,0.5,1.0
0,0.0,0.0,0.0,0.0,0.04291898577612863,0.0,0.023154848046309694,0.23076923076923078,1.0,0.5,1.0
0,0.0,0.0,1.0,0.0,0.08202844774273346,0.0,0.19885985841123324,0.7435897435897436,1.0,1.0,0.0
1,1.0,0.0,1.0,0.0,0.028868274582560298,0.05524755801953584,0.18523878437047755,0.7435897435897436,1.0,0.5,1.0
0,1.0,0.0,1.0,0.0,0.0225974025974026,0.02392780857753138,0.059334298118668596,0.7435897435897436,1.0,0.5,1.0
0,1.0,0.0,0.0,0.0,0.0499443413729128,0.0,0.15340086830680175,0.358974358974359,1.0,0.5,1.0
0,1.0,0.0,1.0,0.0,0.01990105132962276,0.08498332013343893,0.17655571635311143,0.7435897435897436,1.0,0.5,1.0
0,1.0,0.6666666666666666,0.0,0.0,0.051181199752628324,0.07831137350901193,0.17945007235890015,0.358974358974359,1.0,1.0,1.0
0,0.0,0.0,1.0,0.0,0.058045763760049475,0.09134326925384596,0.20549927641099855,0.7435897435897436,1.0,0.5,1.0
0,1.0,0.0,1.0,0.0,0.16697588126159554,0.0,0.19885985841123324,0.7435897435897436,1.0,1.0,1.0
0,1.0,0.0,1.0,0.0,0.055683364254792825,0.08599131206950344,0.19885985841123324,0.7435897435897436,1.0,0.5,1.0
0,1.0,0.0,1.0,0.0,0.04534322820037106,0.018095855233158136,0.21852387843704776,0.7435897435897436,1.0,1.0,1.0
0,1.0,0.3333333333333333,1.0,0.0,0.035893630179344466,0.024719802241582066,0.1316931982633864,0.7435897435897436,1.0,1.0,1.0
0,1.0,0.6666666666666666,1.0,0.0,0.13935683364254792,0.027023783809729522,0.3125904486251809,0.7435897435897436,1.0,1.0,1.0
0,0.0,0.0,0.0,0.0,0.08884353741496599,0.0,0.16063675832127353,0.7435897435897436,1.0,0.0,0.0
0,1.0,0.6666666666666666,1.0,0.0,0.04514533085961658,0.08639930880552955,0.2995658465991317,0.7435897435897436,0.0,1.0,0.0
0,1.0,1.0,0.0,0.0,0.023760049474335188,0.018095855233158136,0.12301013024602026,1.0,1.0,0.5,1.0
0,0.0,0.0,1.0,0.0,0.0638961038961039,0.0,0.1837916063675832,0.7435897435897436,1.0,1.0,1.0
1,1.0,0.0,1.0,0.0,0.034372294372294374,0.05599155206758346,0.18813314037626627,0.7435897435897436,1.0,0.5,1.0
0,1.0,0.0,0.0,0.0,0.042325293753865185,0.09873521011831905,0.20694645441389292,0.7435897435897436,0.0,0.0,0.0
1,0.0,0.3333333333333333,1.0,1.0,0.0903030303030303,0.0,0.19885985841123324,0.7435897435897436,1.0,0.5,1.0
0,0.0,0.0,1.0,0.0,0.06060606060606061,0.0,0.1577424023154848,0.7435897435897436,1.0,0.5,1.0
0,1.0,0.3333333333333333,1.0,0.0,0.17851576994434137,0.0,0.25470332850940663,0.358974358974359,1.0,0.0,1.0
1,1.0,0.0,1.0,0.0,0.037316017316017316,0.05479156166750666,0.2098408104196816,0.7435897435897436,1.0,0.5,1.0
0,1.0,0.3333333333333333,1.0,0.0,0.025528756957328386,0.03355173158614731,0.10998552821997105,0.7435897435897436,1.0,1.0,1.0
0,1.0,0.0,1.0,0.0,0.06701298701298701,0.051407588739290085,0.2402315484804631,0.7435897435897436,1.0,0.0,0.0
1,0.0,0.0,1.0,0.0,0.1268769325912183,0.0,0.361794500723589,0.7435897435897436,1.0,1.0,1.0
0,1.0,0.0,1.0,0.0,0.06823747680890538,0.06400748794009647,0.24746743849493488,0.7435897435897436,1.0,0.0,1.0
1,0.0,0.0,1.0,0.0,0.04967223252937539,0.0,0.05065123010130246,0.7435897435897436,1.0,0.5,1.0
1,0.0,0.0,1.0,0.0,0.024576376004947432,0.21551827585379316,0.18523878437047755,0.7435897435897436,0.0,0.5,1.0
0,1.0,0.6666666666666666,1.0,0.0,0.03471861471861472,0.0,0.10419681620839363,0.7435897435897436,1.0,0.5,1.0
0,1.0,0.0,0.0,0.0,0.051329622758194186,0.04833561331509348,0.26772793053545585,0.7435897435897436,1.0,0.0,1.0
1,0.0,0.0,1.0,0.0,0.04380952380952381,0.0,0.12156295224312591,0.7435897435897436,1.0,0.0,1.0
0,1.0,1.0,1.0,0.0,0.29255411255411257,0.0,0.5224312590448625,0.7435897435897436,1.0,0.0,1.0
0,0.0,0.0,1.0,0.0,0.04594928880643166,0.03935968512251902,0.19885985841123324,0.7435897435897436,1.0,0.0,1.0
0,1.0,0.3333333333333333,1.0,1.0,0.1281756338899196,0.09239926080591356,0.21852387843704776,0.358974358974359,0.0,1.0,0.0
0,1.0,0.0,1.0,0.0,0.07334570191713048,0.06165550675594595,0.2503617945007236,0.7435897435897436,1.0,0.0,0.0
0,0.0,0.0,1.0,1.0,0.247569573283859,0.0,0.9276410998552822,1.0,1.0,1.0,1.0
0,0.0,0.0,1.0,0.0,0.02305504019789734,0.04629562963496292,0.09406657018813314,0.7435897435897436,1.0,1.0,1.0
0,0.0,0.0,1.0,0.0,0.03176252319109462,0.0,0.08827785817655572,0.7435897435897436,1.0,0.5,1.0
0,1.0,0.0,1.0,1.0,0.040927643784786645,0.0,0.023154848046309694,0.23076923076923078,1.0,0.5,1.0
0,0.0,0.0,1.0,0.0,0.058688930117501543,0.0,0.1345875542691751,0.7435897435897436,1.0,0.5,1.0
0,1.0,1.0,1.0,0.0,0.047619047619047616,0.1859985120119039,0.40665701881331406,0.7435897435897436,1.0,0.5,0.0
1,1.0,0.0,1.0,0.0,0.05482993197278912,0.0,0.1085383502170767,0.7435897435897436,1.0,0.0,0.0
0,1.0,0.6666666666666666,1.0,1.0,0.03915893630179344,0.08399932800537596,0.11432706222865413,0.7435897435897436,1.0,1.0,1.0
0,0.0,0.0,1.0,0.0,0.18366110080395795,0.0,0.33719247467438496,0.7435897435897436,0.0,0.5,0.0
0,1.0,0.6666666666666666,0.0,0.0,0.05009276437847866,0.03431972544219646,0.1736613603473227,0.7435897435897436,1.0,0.0,0.0
0,1.0,0.6666666666666666,1.0,0.0,0.060507111935683366,0.049991600067199465,0.25470332850940663,0.7435897435897436,1.0,0.0,0.0
0,0.0,0.0,1.0,0.0,0.06514533085961657,0.0,0.2301013024602026,0.7435897435897436,1.0,1.0,1.0
0,0.0,0.0,1.0,1.0,0.08410636982065553,0.0,0.2402315484804631,0.358974358974359,1.0,0.5,1.0
0,1.0,0.0,1.0,0.0,0.03151515151515152,0.0488156094751242,0.16353111432706222,0.7435897435897436,1.0,0.5,1.0
0,1.0,0.6666666666666666,1.0,0.0,0.1435621521335807,0.0,0.2575976845151954,0.358974358974359,1.0,1.0,1.0
1,1.0,0.0,1.0,0.0,0.026963512677798392,0.10766313869489044,0.1316931982633864,0.7435897435897436,1.0,0.5,1.0
1,1.0,0.6666666666666666,1.0,0.0,0.1820160791589363,0.0,0.08827785817655572,0.7435897435897436,1.0,1.0,1.0
0,1.0,0.3333333333333333,1.0,0.0,0.017167594310451454,0.03419972640218878,0.030390738060781478,0.7435897435897436,1.0,1.0,1.0
1,0.0,0.0,1.0,0.0,0.12183055040197897,0.03998368013055895,0.3125904486251809,0.7435897435897436,1.0,0.0,0.0
0,1.0,0.0,1.0,0.0,0.05825602968460111,0.01991984064127487,0.1678726483357453,0.7435897435897436,1.0,0.5,1.0
0,0.0,0.0,1.0,0.0,0.07578231292517007,0.0,0.1577424023154848,0.7435897435897436,0.0,0.0,0.0
0,1.0,0.0,1.0,1.0,0.03001855287569573,0.08999928000575995,0.20694645441389292,0.7435897435897436,1.0,0.0,1.0
0,0.0,0.0,1.0,0.0,0.11151515151515151,0.0,0.34008683068017365,0.7435897435897436,1.0,1.0,0.0
0,1.0,0.6666666666666666,0.0,0.0,0.026357452071737786,0.0,0.15050651230101303,0.7435897435897436,1.0,0.0,0.0
0,0.0,0.0,1.0,0.0,0.03839208410636982,0.0,0.059334298118668596,0.7435897435897436,1.0,1.0,1.0
0,1.0,1.0,1.0,0.0,0.49287569573283857,0.0,0.8552821997105644,0.358974358974359,0.0,0.5,1.0
0,1.0,0.3333333333333333,1.0,0.0,0.07235621521335807,0.0,0.21852387843704776,0.7435897435897436,1.0,0.0,1.0
0,1.0,0.3333333333333333,1.0,0.0,0.11611626468769326,0.0,0.2575976845151954,0.7435897435897436,1.0,1.0,1.0
0,0.0,0.0,1.0,0.0,0.03500309214594929,0.049991600067199465,0.16063675832127353,0.7435897435897436,1.0,0.0,1.0
0,1.0,0.0,1.0,0.0,0.05482993197278912,0.13499892000863994,0.35600578871201155,0.7435897435897436,1.0,0.5,1.0
0,1.0,0.0,0.0,0.0,0.021187384044526903,0.024983800129598964,0.1287988422575977,0.7435897435897436,1.0,0.5,1.0
0,1.0,0.0,1.0,0.0,0.09626468769325912,0.0,0.3849493487698987,0.7435897435897436,1.0,1.0,0.0
0,1.0,0.3333333333333333,1.0,0.0,0.03635126777983921,0.030719754241966064,0.16208393632416787,0.7435897435897436,0.0,0.5,0.0
0,1.0,0.6666666666666666,1.0,0.0,0.04968460111317254,0.03472772217822257,0.21562952243125905,0.7435897435897436,1.0,0.0,1.0
0,1.0,0.0,1.0,0.0,0.11345701917130488,0.0,0.0955137481910275,0.358974358974359,1.0,1.0,1.0
0,1.0,0.0,1.0,0.0,0.04399505256648114,0.07598339213286294,0.2503617945007236,0.7435897435897436,1.0,0.0,1.0
1,1.0,0.0,1.0,0.0,0.05482993197278912,0.0,0.14905933429811866,0.7435897435897436,1.0,0.0,0.0
0,1.0,0.0,1.0,0.0,0.028311688311688312,0.07999136006911944,0.1736613603473227,0.7435897435897436,1.0,0.0,1.0
0,0.0,0.0,1.0,0.0,0.025813234384662955,0.0,0.07814761215629522,1.0,0.0,0.5,0.0
0,1.0,0.6666666666666666,1.0,0.0,0.09709338280766852,0.0,0.276410998552822,0.7435897435897436,1.0,0.5,1.0
0,1.0,0.0,0.0,0.0,0.020655534941249228,0.042455660354717165,0.12445730824891461,0.7435897435897436,1.0,0.0,1.0
0,1.0,1.0,1.0,0.0,0.6383797155225727,0.0,1.0,0.6153846153846154,1.0,1.0,1.0
0,1.0,1.0,0.0,0.0,0.04170686456400742,0.0,0.10419681620839363,0.358974358974359,1.0,0.0,0.0
0,1.0,0.0,1.0,0.0,0.06874458874458875,0.13499892000863994,0.2575976845151954,0.7435897435897436,1.0,0.5,1.0
0,1.0,0.0,0.0,1.0,0.051873840445269014,0.017663858689130486,0.11287988422575977,0.7435897435897436,1.0,0.5,0.0
0,1.0,0.0,1.0,0.0,0.04139764996907854,0.04713562291501668,0.1548480463096961,0.7435897435897436,1.0,0.0,1.0
0,1.0,0.6666666666666666,1.0,0.0,0.023438466295609153,0.03885568915448676,0.13314037626628075,0.7435897435897436,1.0,0.0,1.0
0,1.0,1.0,1.0,0.0,0.06636982065553494,0.2711978304173567,0.703328509406657,0.7435897435897436,0.0,0.5,0.0
0,1.0,0.3333333333333333,1.0,0.0,0.04452690166975881,0.0,0.1548480463096961,0.7435897435897436,1.0,0.5,1.0
0,0.0,0.0,0.0,0.0,0.027000618429189858,0.03482372141022872,0.1345875542691751,1.0,0.0,1.0,0.0
0,1.0,0.3333333333333333,1.0,0.0,0.07730364873222016,0.17399860801113592,0.24746743849493488,0.7435897435897436,0.0,1.0,0.0
0,0.0,0.0,1.0,0.0,0.02184291898577613,0.1215110279117767,0.08393632416787265,0.7435897435897436,1.0,0.0,0.0
0,1.0,0.0,1.0,0.0,0.055040197897340756,0.0,0.09261939218523878,0.358974358974359,1.0,0.5,1.0
0,1.0,0.3333333333333333,1.0,0.0,0.4167717996289425,0.0,0.36324167872648333,0.7435897435897436,1.0,0.5,0.0
1,1.0,0.0,1.0,0.0,0.04298082869511441,0.0,0.14327062228654125,0.7435897435897436,1.0,0.5,1.0
0,1.0,0.0,1.0,1.0,0.48233766233766234,0.11399908800729594,0.16063675832127353,0.7435897435897436,1.0,0.5,1.0
0,1.0,0.3333333333333333,1.0,1.0,0.025083487940630797,0.0,0.0824891461649783,0.6153846153846154,0.0,0.0,0.0
0,1.0,0.0,1.0,0.0,0.02761904761904762,0.05131158950728394,0.07091172214182344,0.7435897435897436,1.0,0.0,1.0
0,1.0,0.0,1.0,1.0,0.006481137909709338,0.12710298317613458,0.2301013024602026,0.7435897435897436,1.0,0.0,1.0
0,1.0,0.0,1.0,0.0,0.11351886209029066,0.0,0.2590448625180897,0.358974358974359,1.0,0.0,1.0
0,0.0,0.0,0.0,0.0,0.05856524427952999,0.0,0.056439942112879886,0.7435897435897436,1.0,0.0,1.0
0,0.0,0.0,1.0,0.0,0.14656771799628943,0.0,0.22431259044862517,0.7435897435897436,1.0,0.5,0.0
0,1.0,0.0,0.0,0.0,0.0727643784786642,0.0,0.21852387843704776,0.7435897435897436,1.0,1.0,0.0
0,0.0,0.0,1.0,0.0,0.045862708719851576,0.0,0.09696092619392185,0.7435897435897436,1.0,0.5,1.0
0,0.0,0.0,1.0,0.0,0.04998144712430427,0.0,0.16063675832127353,0.7435897435897436,1.0,0.0,1.0
0,1.0,0.3333333333333333,1.0,0.0,0.0367965367965368,0.061991504067967454,0.23299565846599132,0.7435897435897436,1.0,0.5,0.0
0,0.0,0.0,1.0,0.0,0.10121212121212121,0.08999928000575995,0.2575976845151954,0.7435897435897436,1.0,0.0,1.0
1,0.0,0.0,0.0,0.0,0.02173160173160173,0.05675954592363261,0.16063675832127353,0.7435897435897436,1.0,1.0,1.0
1,1.0,0.0,1.0,0.0,0.040395794681508966,0.06758345933232535,0.15050651230101303,0.7435897435897436,1.0,0.5,1.0
0,0.0,0.0,1.0,1.0,0.1341991341991342,0.0,0.10709117221418235,0.7435897435897436,1.0,1.0,0.0
0,1.0,0.3333333333333333,0.0,0.0,0.030303030303030304,0.05999952000383997,0.11722141823444283,0.7435897435897436,1.0,0.5,1.0
0,0.0,0.6666666666666666,1.0,0.0,0.059035250463821895,0.0,0.2272069464544139,0.7435897435897436,0.0,0.5,1.0
0,1.0,1.0,0.0,0.0,0.047520098948670375,0.0,0.19885985841123324,0.358974358974359,1.0,1.0,0.0
0,1.0,0.3333333333333333,0.0,0.0,0.04143475572047001,0.025991792065663474,0.18234442836468887,0.7435897435897436,1.0,1.0,1.0
0,1.0,0.6666666666666666,0.0,0.0,0.04659245516388374,0.0,0.16642547033285093,0.7435897435897436,1.0,0.5,1.0
1,0.0,0.0,0.0,0.0,0.05266542980828695,0.0,0.16063675832127353,0.7435897435897436,1.0,0.5,1.0
1,0.0,0.0,1.0,0.0,0.03826839826839827,0.0,0.10274963820549927,0.7435897435897436,1.0,1.0,1.0
0,0.0,0.0,0.0,0.0,0.04730983302411874,0.06074351405188758,0.06657018813314038,0.7435897435897436,1.0,0.0,1.0
0,0.0,0.0,1.0,0.0,0.028806431663574522,0.0,0.0723589001447178,0.7435897435897436,1.0,1.0,1.0
0,0.0,0.0,1.0,0.0,0.040420531849103276,0.0,0.170767004341534,0.7435897435897436,1.0,0.5,0.0
1,0.0,0.0,1.0,0.0,0.12183055040197897,0.0,0.29667149059334297,0.7435897435897436,1.0,0.5,0.0
0,1.0,1.0,1.0,0.0,0.04056895485466914,0.029999760001919985,0.17221418234442837,0.7435897435897436,0.0,0.5,0.0
0,1.0,0.3333333333333333,1.0,1.0,0.09445887445887446,0.0,0.3342981186685962,0.7435897435897436,1.0,1.0,1.0
0,1.0,1.0,0.0,1.0,0.06868274582560296,0.0,0.17510853835021709,0.7435897435897436,1.0,0.0,1.0
0,1.0,0.0,1.0,0.0,0.03739022881880025,0.07250341997264022,0.18523878437047755,0.7435897435897436,1.0,1.0,1.0
0,1.0,1.0,0.0,0.0,0.045763760049474335,0.023591811265509875,0.1316931982633864,0.7435897435897436,1.0,0.5,1.0
0,1.0,0.0,1.0,0.0,0.0,0.04319965440276478,0.18234442836468887,0.7435897435897436,1.0,0.0,0.0
0,1.0,0.0,1.0,0.0,0.04424242424242424,0.042599659202726375,0.17655571635311143,0.7435897435897436,1.0,0.5,1.0
0,1.0,0.6666666666666666,1.0,0.0,0.05998763141620284,0.0,0.09117221418234443,0.7435897435897436,0.0,0.5,0.0
1,1.0,0.6666666666666666,1.0,0.0,0.05111935683364255,0.057191542467660256,0.170767004341534,0.7435897435897436,1.0,0.5,1.0
0,1.0,0.0,1.0,0.0,0.025615337043908473,0.0,0.07380607814761216,0.7435897435897436,0.0,1.0,0.0
0,1.0,0.6666666666666666,1.0,0.0,0.04773036487322201,0.041207670338637294,0.1548480463096961,0.7435897435897436,1.0,0.5,1.0
0,0.0,0.0,1.0,0.0,0.03489177489177489,0.06698346413228694,0.19536903039073805,0.7435897435897436,1.0,0.5,1.0
0,1.0,0.0,1.0,0.0,0.09187384044526901,0.024239806081551348,0.2402315484804631,0.7435897435897436,1.0,0.5,1.0
0,1.0,0.0,1.0,0.0,0.07544836116264687,0.0,0.17221418234442837,0.7435897435897436,1.0,0.5,1.0
0,1.0,0.0,1.0,0.0,0.0383426097711812,0.0,0.23299565846599132,0.7435897435897436,1.0,0.0,0.0
0,1.0,0.0,0.0,1.0,0.05670995670995671,0.0,0.18668596237337193,0.7435897435897436,1.0,1.0,0.0
0,1.0,0.6666666666666666,1.0,0.0,0.07544836116264687,0.0406796745626035,0.29088277858176553,0.7435897435897436,1.0,0.5,1.0
0,1.0,0.0,1.0,0.0,0.05699443413729128,0.0,0.21562952243125905,1.0,1.0,0.5,1.0
0,0.0,0.0,1.0,1.0,0.07730364873222016,0.0,0.276410998552822,0.7435897435897436,1.0,0.0,1.0
0,1.0,0.3333333333333333,1.0,0.0,0.028954854669140384,0.04929560563515492,0.13748191027496381,0.7435897435897436,1.0,0.5,1.0
0,1.0,0.0,1.0,0.0,0.044106369820655536,0.0,0.04775687409551375,0.358974358974359,1.0,0.0,1.0
0,0.0,0.0,0.0,0.0,0.03758812615955473,0.062351501187990495,0.16063675832127353,0.7435897435897436,1.0,0.0,1.0
1,0.0,0.0,1.0,0.0,0.10121212121212121,0.0,0.3921852387843705,0.7435897435897436,1.0,0.5,1.0
0,1.0,0.3333333333333333,1.0,0.0,0.037167594310451454,0.042695658434732525,0.18958031837916064,0.7435897435897436,1.0,0.5,1.0
0,1.0,0.3333333333333333,1.0,0.0,0.06617192331478046,0.030239758081935346,0.23299565846599132,0.7435897435897436,1.0,0.0,1.0
0,1.0,0.0,1.0,0.0,0.06921459492888064,0.0,0.35600578871201155,0.7435897435897436,1.0,1.0,0.0
1,0.0,0.0,1.0,1.0,0.040977118119975266,0.0,0.16353111432706222,0.7435897435897436,1.0,1.0,1.0
1,0.0,0.3333333333333333,1.0,0.0,0.04529375386518244,0.0,0.14905933429811866,0.7435897435897436,1.0,0.0,1.0
0,1.0,0.3333333333333333,1.0,0.0,0.03914656771799629,0.0,0.12590448625180897,0.7435897435897436,1.0,0.5,1.0
0,1.0,0.6666666666666666,1.0,0.0,0.07011750154607298,0.11999904000767994,0.16063675832127353,0.7435897435897436,1.0,0.0,1.0
0,1.0,0.3333333333333333,0.0,0.0,0.029189857761286332,0.047591619267045866,0.18958031837916064,0.358974358974359,1.0,1.0,0.0
0,0.0,0.0,1.0,0.0,0.03481756338899196,0.13682290541675668,0.21128798842257598,0.10256410256410256,1.0,1.0,1.0
0,1.0,0.6666666666666666,1.0,1.0,0.07544836116264687,0.031199750401996785,0.14327062228654125,0.7435897435897436,1.0,0.0,1.0
0,1.0,0.0,0.0,0.0,0.040272108843537414,0.10600715194278446,0.1649782923299566,0.7435897435897436,1.0,0.5,1.0
0,0.0,0.0,1.0,1.0,0.07297464440321583,0.10399116807065543,0.16063675832127353,0.358974358974359,1.0,1.0,0.0
0,1.0,0.6666666666666666,1.0,0.0,0.11815708101422387,0.0,0.14905933429811866,0.7435897435897436,1.0,1.0,1.0
0,1.0,0.3333333333333333,0.0,0.0,0.07987631416202845,0.0,0.18523878437047755,0.358974358974359,1.0,1.0,1.0
0,1.0,0.3333333333333333,1.0,0.0,0.033790970933828074,0.044231646146830825,0.1649782923299566,1.0,1.0,0.5,1.0
0,1.0,0.0,1.0,0.0,0.02051948051948052,0.044831641346869226,0.11722141823444283,0.7435897435897436,1.0,1.0,1.0
0,1.0,0.0,0.0,0.0,0.018775510204081632,0.093359253125975,0.2778581765557164,0.7435897435897436,0.0,0.5,0.0
1,0.0,0.6666666666666666,1.0,0.0,0.04053184910327767,0.0,0.18668596237337193,0.7435897435897436,1.0,1.0,0.0
0,0.0,0.0,0.0,1.0,0.030092764378478663,0.052007583939328486,0.13748191027496381,0.7435897435897436,1.0,0.0,1.0
0,1.0,0.3333333333333333,0.0,0.0,0.031057513914656772,0.17042263661890705,0.3907380607814761,0.358974358974359,1.0,0.5,1.0
0,0.0,0.0,1.0,1.0,0.19913419913419914,0.0,0.26483357452966716,0.7435897435897436,0.0,1.0,0.0
1,0.0,1.0,1.0,0.0,0.036277056277056276,0.0,0.35600578871201155,0.7435897435897436,1.0,0.0,1.0
0,0.0,0.0,0.0,0.0,0.07291280148423006,0.0,0.15340086830680175,0.7435897435897436,0.0,0.0,0.0
0,1.0,1.0,1.0,0.0,0.06307977736549165,0.0,0.12301013024602026,0.7435897435897436,1.0,1.0,0.0
0,1.0,0.0,1.0,0.0,0.1797526283240569,0.050399596803225574,0.426917510853835,0.7435897435897436,1.0,0.0,0.0
0,1.0,1.0,0.0,0.0,0.059134199134199136,0.0,0.17221418234442837,0.7435897435897436,1.0,0.5,0.0
0,1.0,0.3333333333333333,1.0,0.0,0.07338280766852195,0.10199918400652795,0.4645441389290883,0.7435897435897436,1.0,1.0,1.0
0,0.0,0.0,1.0,0.0,0.02362399505256648,0.053015575875392996,0.1808972503617945,0.7435897435897436,1.0,0.5,1.0
1,0.0,0.3333333333333333,1.0,0.0,0.04119975262832406,0.0,0.21128798842257598,0.05128205128205128,1.0,0.5,0.0
1,0.0,0.0,1.0,0.0,0.08719851576994433,0.0,0.16063675832127353,0.7435897435897436,1.0,0.0,1.0
0,0.0,0.0,1.0,1.0,0.062040816326530614,0.0,0.17221418234442837,0.7435897435897436,1.0,0.5,1.0
0,0.0,0.0,1.0,0.0,0.048794063079777364,0.08272733818129455,0.20549927641099855,0.7435897435897436,1.0,0.0,1.0
0,1.0,0.6666666666666666,1.0,0.0,0.05637600494743352,0.033287733698130414,0.2040520984081042,0.7435897435897436,1.0,0.5,1.0
0,1.0,1.0,1.0,0.0,0.05173778602350031,0.043463652290781675,0.21852387843704776,0.7435897435897436,0.0,1.0,1.0
1,0.0,0.0,1.0,0.0,0.040420531849103276,0.0,0.18234442836468887,0.7435897435897436,1.0,0.0,0.0
1,0.0,0.3333333333333333,1.0,0.0,0.03371675943104514,0.03743970048239614,0.11722141823444283,0.7435897435897436,1.0,1.0,1.0
1,0.0,0.0,1.0,0.0,0.038181818181818185,0.0,0.030390738060781478,0.7435897435897436,1.0,1.0,1.0
0,1.0,0.0,1.0,0.0,0.13600494743351887,0.0,0.1837916063675832,0.7435897435897436,1.0,1.0,1.0
0,0.0,0.0,1.0,0.0,0.03318491032776747,0.04456764345885233,0.16931982633863965,0.7435897435897436,1.0,0.0,1.0
0,1.0,0.0,1.0,0.0,0.030550401978973407,0.0533515731874145,0.2040520984081042,0.7435897435897436,1.0,0.5,1.0
0,1.0,0.6666666666666666,1.0,0.0,0.04638218923933209,0.0,0.11722141823444283,0.7435897435897436,1.0,0.5,1.0
0,1.0,0.3333333333333333,1.0,0.0,0.032158317872603585,0.04420764633882929,0.15340086830680175,0.7435897435897436,1.0,0.5,1.0
0,1.0,0.0,1.0,0.0,0.04753246753246753,0.07857537139702882,0.2865412445730825,0.7435897435897436,1.0,0.5,1.0
0,1.0,0.0,1.0,0.0,0.03652442795299938,0.031199750401996785,0.10274963820549927,0.7435897435897436,1.0,1.0,1.0
0,1.0,0.0,1.0,0.0,0.17851576994434137,0.0,0.61794500723589,0.7435897435897436,1.0,0.5,1.0
1,1.0,0.0,0.0,0.0,0.04885590599876314,0.0,0.16642547033285093,0.7435897435897436,1.0,0.0,1.0
0,0.0,0.3333333333333333,0.0,1.0,0.04827458256029685,0.058223534211726304,0.21562952243125905,0.7435897435897436,0.0,1.0,0.0
0,1.0,0.0,1.0,0.0,0.04671614100185529,0.01919984640122879,0.14905933429811866,0.7435897435897436,1.0,0.5,1.0
0,1.0,0.6666666666666666,1.0,0.0,0.02660482374768089,0.02365901043511652,0.09985528219971057,0.358974358974359,1.0,1.0,1.0
1,0.0,0.0,1.0,0.0,0.02054421768707483,0.03998368013055895,0.06512301013024602,0.7435897435897436,1.0,1.0,1.0
0,1.0,0.0,1.0,0.0,0.25376623376623375,0.0,0.19885985841123324,0.7435897435897436,1.0,0.0,0.0
0,0.0,0.0,1.0,0.0,0.03720470006184292,0.07327141382868937,0.11577424023154848,0.7435897435897436,1.0,0.0,1.0
1,0.0,0.0,1.0,1.0,0.030303030303030304,0.041207670338637294,0.13024602026049203,0.6153846153846154,1.0,0.5,0.0
0,1.0,0.0,1.0,0.0,0.043957946815089674,0.047999616003071975,0.16063675832127353,0.7435897435897436,1.0,0.0,1.0
1,0.0,0.0,1.0,0.0,0.049152752009894864,0.0,0.15340086830680175,0.7435897435897436,1.0,0.5,1.0
0,0.0,0.0,1.0,0.0,0.1157452071737786,0.0,0.2575976845151954,0.7435897435897436,1.0,0.0,1.0
0,1.0,0.0,1.0,0.0,0.036178107606679034,0.05798353613171094,0.18813314037626627,0.7435897435897436,1.0,0.0,1.0
0,1.0,0.6666666666666666,1.0,0.0,0.05256648113790971,0.0,0.170767004341534,0.7435897435897436,0.0,0.5,0.0
0,1.0,0.6666666666666666,1.0,0.0,0.037142857142857144,0.03743970048239614,0.1808972503617945,0.7435897435897436,1.0,1.0,1.0
1,0.0,0.0,1.0,0.0,0.06514533085961657,0.0,0.1939218523878437,1.0,0.0,1.0,0.0
0,1.0,0.0,1.0,0.0,0.02761904761904762,0.08001535987712098,0.23589001447178004,0.7435897435897436,1.0,0.5,1.0
0,1.0,1.0,1.0,0.0,0.05276437847866419,0.029999760001919985,0.14616497829232997,0.7435897435897436,1.0,1.0,1.0
0,1.0,0.3333333333333333,1.0,0.0,0.0831787260358689,0.0,0.276410998552822,0.7435897435897436,1.0,0.5,1.0
1,1.0,0.3333333333333333,1.0,0.0,0.055856524427953,0.0,0.18234442836468887,0.7435897435897436,1.0,1.0,1.0
1,0.0,0.0,1.0,0.0,0.05998763141620284,0.060983512131902944,0.20549927641099855,1.0,1.0,0.0,0.0
0,1.0,0.3333333333333333,1.0,0.0,0.02305504019789734,0.07019943840449276,0.15050651230101303,0.7435897435897436,1.0,1.0,0.0
0,1.0,0.0,0.0,0.0,0.02040816326530612,0.07041543667650658,0.12156295224312591,0.7435897435897436,0.0,1.0,0.0
0,1.0,0.0,0.0,0.0,0.03370439084724799,0.04199966400268798,0.1389290882778582,0.7435897435897436,1.0,0.5,1.0
1,0.0,0.0,1.0,0.0,0.05998763141620284,0.0,0.17800289435600578,0.7435897435897436,1.0,0.0,1.0
0,1.0,0.3333333333333333,1.0,0.0,0.018243661100803957,0.04327165382676939,0.12590448625180897,0.7435897435897436,1.0,1.0,1.0
0,0.0,0.0,1.0,0.0,0.047619047619047616,0.05999952000383997,0.18958031837916064,0.7435897435897436,1.0,0.0,1.0
0,0.0,0.0,0.0,0.0,0.022881880024737167,0.0,0.19885985841123324,0.7435897435897436,1.0,1.0,0.0
1,0.0,0.0,1.0,0.0,0.044675324675324674,0.03998368013055895,0.18234442836468887,0.7435897435897436,1.0,0.0,1.0
1,0.0,0.0,1.0,0.0,0.027829313543599257,0.044711642306861546,0.13748191027496381,0.7435897435897436,0.0,1.0,0.0
0,0.0,0.0,1.0,0.0,0.2483982683982684,0.0,0.6816208393632417,0.7435897435897436,1.0,0.0,0.0
0,1.0,0.6666666666666666,0.0,0.0,0.09297464440321583,0.0,0.25470332850940663,0.7435897435897436,1.0,0.0,1.0
1,0.0,0.0,1.0,0.0,0.03422387136672851,0.0,0.1085383502170767,0.7435897435897436,1.0,0.5,1.0
0,0.0,0.0,0.0,0.0,0.03434755720470006,0.05771953824369405,0.1476121562952243,0.7435897435897436,1.0,0.5,1.0
1,0.0,0.0,1.0,0.0,0.029152752009894867,0.0,0.06801736613603473,0.7435897435897436,1.0,0.0,1.0
0,1.0,0.6666666666666666,1.0,1.0,0.06921459492888064,0.0,0.19536903039073805,0.15384615384615385,1.0,0.0,1.0
0,1.0,0.0,1.0,0.0,0.028732220160791588,0.044231646146830825,0.2170767004341534,0.7435897435897436,1.0,0.0,0.0
0,1.0,0.3333333333333333,0.0,0.0,0.04018552875695733,0.03935968512251902,0.1476121562952243,0.358974358974359,1.0,1.0,1.0
0,1.0,0.6666666666666666,1.0,0.0,0.04411873840445269,0.0,0.16063675832127353,0.7435897435897436,1.0,0.5,1.0
0,1.0,0.0,1.0,0.0,0.02359925788497217,0.0512155902752778,0.11432706222865413,0.7435897435897436,1.0,1.0,1.0
1,0.0,0.3333333333333333,1.0,0.0,0.04194186765615337,0.0,0.14905933429811866,0.7435897435897436,1.0,0.5,1.0
0,1.0,0.3333333333333333,1.0,1.0,0.12183055040197897,0.0,0.21128798842257598,0.7435897435897436,1.0,0.0,0.0
0,1.0,0.0,1.0,0.0,0.027829313543599257,0.052007583939328486,0.15340086830680175,0.7435897435897436,1.0,0.5,1.0
0,1.0,1.0,1.0,0.0,0.0518491032776747,0.004535963712290302,0.16642547033285093,0.7435897435897436,1.0,0.5,1.0
0,1.0,0.6666666666666666,0.0,0.0,0.042683982683982685,0.03815969472244222,0.19885985841123324,0.7435897435897436,1.0,0.0,1.0
1,0.0,0.0,1.0,0.0,0.03730364873222016,0.07163942688458493,0.17800289435600578,0.7435897435897436,1.0,0.0,1.0
0,1.0,1.0,1.0,0.0,0.1836734693877551,0.0,0.4211287988422576,0.7435897435897436,1.0,0.0,1.0
0,1.0,0.3333333333333333,1.0,1.0,0.1053308596165739,0.11959104327165383,0.5311143270622286,0.7435897435897436,0.0,0.0,0.0
0,0.0,0.0,1.0,0.0,0.058961038961038964,0.0,0.17510853835021709,0.7435897435897436,0.0,0.0,1.0
0,1.0,0.0,1.0,1.0,0.07010513296227582,0.05183958528331773,0.2532561505065123,0.7435897435897436,1.0,0.5,1.0
1,1.0,0.0,1.0,0.0,0.05173778602350031,0.058823529411764705,0.14616497829232997,0.7435897435897436,1.0,1.0,0.0
1,0.0,0.0,1.0,0.0,0.02906617192331478,0.0,0.08393632416787265,0.7435897435897436,1.0,1.0,1.0
0,0.0,0.3333333333333333,1.0,0.0,0.05236858379715523,0.04303165574675403,0.15629522431259044,0.7435897435897436,1.0,1.0,1.0
0,0.0,0.0,1.0,0.0,0.034446505875077305,0.0,0.1287988422575977,0.7435897435897436,1.0,0.5,1.0
0,0.0,0.0,1.0,0.0,0.03318491032776747,0.0,0.08972503617945007,0.7435897435897436,1.0,1.0,1.0
0,1.0,0.0,1.0,0.0,0.7815337043908472,0.0,0.6960926193921853,0.358974358974359,1.0,1.0,1.0
0,1.0,0.3333333333333333,1.0,1.0,0.11976499690785405,0.043991648066815464,0.2503617945007236,0.358974358974359,1.0,1.0,1.0
0,1.0,0.0,1.0,1.0,0.06620902906617192,0.10775913792689658,0.08827785817655572,0.7435897435897436,1.0,0.5,1.0
0,1.0,0.3333333333333333,1.0,0.0,0.06307977736549165,0.016511867905056758,0.21852387843704776,0.7435897435897436,1.0,0.0,1.0
0,1.0,0.6666666666666666,1.0,1.0,0.02906617192331478,0.11039911680706554,0.24167872648335745,0.7435897435897436,1.0,0.0,1.0
1,0.0,1.0,0.0,0.0,0.02077922077922078,0.0,0.19885985841123324,0.7435897435897436,0.0,1.0,0.0
1,0.0,0.0,1.0,0.0,0.049598021026592456,0.0,0.08972503617945007,0.7435897435897436,1.0,0.5,1.0
0,1.0,1.0,0.0,0.0,0.0308843537414966,0.03808769529843761,0.23733719247467439,0.7435897435897436,1.0,0.0,0.0
1,0.0,0.0,1.0,0.0,0.027557204700061844,0.0,0.053545586107091175,0.7435897435897436,1.0,0.0,0.0
0,1.0,0.3333333333333333,0.0,0.0,0.05447124304267161,0.02949576403388773,0.21562952243125905,0.7435897435897436,1.0,1.0,1.0
0,1.0,1.0,0.0,0.0,0.03739022881880025,0.0,0.09406657018813314,0.7435897435897436,1.0,0.5,1.0
0,1.0,0.6666666666666666,1.0,0.0,0.030092764378478663,0.055919552643578854,0.1678726483357453,0.7435897435897436,1.0,0.0,1.0
0,1.0,0.0,1.0,0.0,0.029053803339517625,0.05899152806777546,0.21852387843704776,0.7435897435897436,1.0,0.5,1.0
0,1.0,0.0,0.0,0.0,0.041719233147804576,0.07751937984496124,0.20694645441389292,0.7435897435897436,0.0,0.0,0.0
0,1.0,0.6666666666666666,0.0,0.0,0.036277056277056276,0.052031583747330024,0.16931982633863965,0.7435897435897436,1.0,1.0,1.0
0,1.0,0.0,1.0,0.0,0.07647495361781076,0.10999112007103944,0.361794500723589,0.7435897435897436,1.0,0.5,1.0
0,1.0,0.0,1.0,0.0,0.030612244897959183,0.14999880000959992,0.2575976845151954,0.7435897435897436,1.0,0.0,1.0
0,1.0,0.0,1.0,0.0,0.11048855905998763,0.0,0.31693198263386396,0.7435897435897436,1.0,0.5,1.0
0,0.0,0.0,1.0,0.0,0.10636982065553494,0.10000719994240045,0.43270622286541244,0.7435897435897436,1.0,0.0,0.0
0,1.0,1.0,1.0,0.0,0.031119356833642548,0.049991600067199465,0.12445730824891461,0.7435897435897436,1.0,0.0,1.0
1,1.0,0.0,1.0,1.0,0.06617192331478046,0.0,0.1389290882778582,0.7435897435897436,0.0,0.0,0.0
1,1.0,0.0,1.0,0.0,0.02811379097093383,0.012119903040775674,0.17510853835021709,0.7435897435897436,1.0,0.5,1.0
1,0.0,0.0,1.0,0.0,0.045306122448979594,0.0,0.1548480463096961,0.358974358974359,1.0,1.0,1.0
0,1.0,0.6666666666666666,1.0,0.0,0.10121212121212121,0.07600739194086448,0.22575976845151954,0.7435897435897436,1.0,0.0,1.0
0,1.0,0.3333333333333333,1.0,0.0,0.046072974644403214,0.0,0.08393632416787265,0.7435897435897436,1.0,1.0,0.0
0,1.0,0.0,0.0,0.0,0.03525046382189239,0.03998368013055895,0.1316931982633864,1.0,0.0,1.0,0.0
0,1.0,1.0,1.0,0.0,0.06205318491032777,0.07600739194086448,0.276410998552822,0.7435897435897436,1.0,0.5,1.0
1,0.0,0.3333333333333333,1.0,0.0,0.05656153370439085,0.0,0.10419681620839363,0.7435897435897436,1.0,0.5,0.0
0,1.0,0.6666666666666666,1.0,0.0,0.05998763141620284,0.08800729594163247,0.32850940665701883,0.7435897435897436,1.0,0.5,1.0
0,1.0,0.0,1.0,0.0,0.05689548546691404,0.05599155206758346,0.17510853835021709,0.7435897435897436,1.0,1.0,1.0
0,1.0,0.0,1.0,0.0,0.035411255411255414,0.07279141766865865,0.12445730824891461,0.6153846153846154,1.0,1.0,1.0
0,0.0,0.0,1.0,1.0,0.08252319109461967,0.0,0.191027496382055,0.7435897435897436,1.0,0.0,1.0
0,0.0,0.0,0.0,0.0,0.0750278293135436,0.0,0.17945007235890015,0.7435897435897436,1.0,0.0,0.0
0,0.0,0.0,1.0,0.0,0.02906617192331478,0.0,0.12590448625180897,1.0,1.0,0.5,0.0
0,0.0,0.0,1.0,0.0,0.06152133580705009,0.0,0.16642547033285093,0.7435897435897436,0.0,0.0,0.0
0,1.0,0.3333333333333333,1.0,0.0,0.07637600494743352,0.0,0.2402315484804631,0.7435897435897436,1.0,0.5,1.0
0,1.0,0.0,1.0,0.0,0.24217687074829933,0.12638298893608851,0.8118668596237337,0.7435897435897436,1.0,0.0,0.0
1,0.0,0.0,1.0,1.0,0.19306122448979593,0.0,0.06657018813314038,0.7435897435897436,1.0,0.5,1.0
0,1.0,0.6666666666666666,1.0,0.0,0.06227581941867656,0.0,0.21128798842257598,0.7435897435897436,1.0,0.5,1.0
0,1.0,0.6666666666666666,1.0,1.0,0.11345701917130488,0.18895048839609282,0.5369030390738061,0.6153846153846154,1.0,0.0,1.0
0,0.0,0.3333333333333333,1.0,0.0,0.03601731601731602,0.04768761849905201,0.1476121562952243,0.358974358974359,0.0,1.0,0.0
1,0.0,0.0,1.0,0.0,0.03233147804576376,0.03501571987424101,0.14616497829232997,0.7435897435897436,1.0,1.0,1.0
0,1.0,0.0,1.0,0.0,0.05772418058132344,0.022151822785417715,0.16063675832127353,0.358974358974359,1.0,1.0,1.0
0,1.0,1.0,1.0,0.0,0.10636982065553494,0.11990304077567379,0.17510853835021709,0.7435897435897436,1.0,0.0,1.0
0,1.0,0.0,1.0,0.0,0.05145330859616574,0.0,0.17510853835021709,0.7435897435897436,1.0,0.5,1.0
0,0.0,0.0,1.0,0.0,0.0361038961038961,0.0,0.08972503617945007,1.0,1.0,1.0,0.0
0,1.0,0.6666666666666666,1.0,0.0,0.06482374768089054,0.0,0.17510853835021709,0.7435897435897436,1.0,1.0,1.0
0,1.0,0.0,1.0,0.0,0.03936920222634508,0.05999952000383997,0.17221418234442837,0.7435897435897436,1.0,0.5,1.0
0,0.0,0.0,1.0,0.0,0.07162646876932591,0.1015671874625003,0.4153400868306802,0.7435897435897436,1.0,0.5,1.0
1,0.0,0.0,1.0,0.0,0.07235621521335807,0.0,0.21273516642547033,0.7435897435897436,1.0,1.0,1.0
0,0.0,0.0,1.0,1.0,0.08679035250463822,0.0,0.17221418234442837,0.7435897435897436,1.0,1.0,1.0
0,1.0,0.6666666666666666,1.0,0.0,0.054619666048237474,0.0,0.1316931982633864,0.7435897435897436,1.0,1.0,0.0
0,0.0,0.3333333333333333,1.0,0.0,0.043500309214594926,0.0,0.15050651230101303,0.358974358974359,1.0,1.0,1.0
0,0.0,0.0,0.0,0.0,0.027161410018552875,0.03839969280245758,0.17800289435600578,0.7435897435897436,1.0,0.5,1.0
0,1.0,0.0,0.0,0.0,0.03537414965986395,0.07526339789281686,0.19885985841123324,0.7435897435897436,0.0,1.0,0.0
0,1.0,0.0,1.0,0.0,0.027000618429189858,0.05800753593971248,0.1837916063675832,0.7435897435897436,1.0,1.0,1.0
0,1.0,0.0,1.0,0.0,0.0660235003092146,0.0,0.1678726483357453,0.7435897435897436,1.0,0.0,1.0
0,0.0,1.0,1.0,0.0,0.11152752009894867,0.0,0.25470332850940663,0.7435897435897436,1.0,0.0,1.0
0,1.0,1.0,1.0,0.0,0.11569573283858998,0.0,0.3849493487698987,0.7435897435897436,1.0,0.0,1.0
0,1.0,0.0,1.0,0.0,0.030092764378478663,0.050759593923248615,0.16063675832127353,0.7435897435897436,1.0,1.0,1.0
0,1.0,0.6666666666666666,0.0,0.0,0.02279529993815708,0.03899968800249598,0.15050651230101303,0.358974358974359,1.0,0.5,1.0
0,1.0,0.6666666666666666,1.0,0.0,0.036487322201607914,0.03359973120215038,0.15050651230101303,0.7435897435897436,1.0,1.0,1.0
0,1.0,0.6666666666666666,1.0,0.0,0.038664192949907236,0.011615907072743419,0.18234442836468887,0.7435897435897436,1.0,0.5,1.0
1,0.0,0.0,1.0,0.0,0.037476808905380334,0.0,0.08972503617945007,0.7435897435897436,0.0,1.0,0.0
0,1.0,0.0,1.0,0.0,0.03565862708719852,0.03501571987424101,0.12445730824891461,0.7435897435897436,1.0,1.0,1.0
0,0.0,0.0,0.0,0.0,0.04640692640692641,0.03998368013055895,0.1447178002894356,0.7435897435897436,1.0,0.0,1.0
1,0.0,0.0,1.0,0.0,0.016697588126159554,0.04319965440276478,0.13603473227206947,0.7435897435897436,0.0,0.5,0.0
0,1.0,0.6666666666666666,0.0,0.0,0.03387755102040816,0.0,0.05209840810419682,0.358974358974359,0.0,1.0,0.0
0,0.0,0.0,0.0,0.0,0.03222016079158936,0.0,0.08104196816208394,0.6153846153846154,1.0,0.0,0.0
0,0.0,0.0,1.0,0.0,0.02906617192331478,0.47999616003071977,0.13603473227206947,0.7435897435897436,1.0,0.5,1.0
1,0.0,0.0,0.0,0.0,0.022424242424242423,0.0,0.06367583212735166,0.7435897435897436,1.0,0.5,1.0
1,0.0,0.0,1.0,1.0,0.09017934446505875,0.0,0.26772793053545585,0.7435897435897436,1.0,0.0,0.0
1,0.0,0.0,1.0,0.0,0.054384662956091526,0.0,0.15340086830680175,0.7435897435897436,1.0,0.5,1.0
0,1.0,0.0,0.0,0.0,0.02494743351886209,0.05759953920368637,0.15340086830680175,0.7435897435897436,1.0,1.0,1.0
1,0.0,0.0,0.0,0.0,0.02551638837353123,0.0,0.0824891461649783,0.7435897435897436,1.0,0.0,1.0
0,1.0,0.3333333333333333,1.0,0.0,0.10080395794681508,0.0,0.20694645441389292,0.6153846153846154,0.0,0.5,0.0
0,1.0,1.0,1.0,0.0,1.0,0.0,0.507959479015919,0.7435897435897436,0.0,0.0,0.0
1,0.0,0.3333333333333333,0.0,1.0,0.04597402597402597,0.0,0.07670043415340087,0.7435897435897436,1.0,0.5,0.0
0,1.0,0.0,1.0,0.0,0.0755225726654298,0.0,0.21852387843704776,0.7435897435897436,1.0,1.0,1.0
0,1.0,0.0,0.0,0.0,0.07354359925788498,0.0,0.3024602026049204,0.7435897435897436,0.0,0.0,0.0
0,1.0,0.0,0.0,0.0,0.02601113172541744,0.04879160966712266,0.14616497829232997,0.7435897435897436,1.0,0.0,1.0
1,1.0,0.0,0.0,0.0,0.024724799010513297,0.07768737850097199,0.24457308248914617,0.7435897435897436,0.0,0.5,0.0
1,0.0,0.0,1.0,0.0,0.035188620902906614,0.0,0.07380607814761216,0.7435897435897436,1.0,1.0,1.0
1,0.0,0.3333333333333333,1.0,0.0,0.030303030303030304,0.0,0.21852387843704776,0.7435897435897436,1.0,1.0,0.0
0,1.0,0.6666666666666666,1.0,1.0,0.017934446505875078,0.47999616003071977,0.33285094066570187,0.7435897435897436,1.0,1.0,0.0
0,1.0,0.0,1.0,0.0,0.010822510822510822,0.06655146758825929,0.14905933429811866,0.7435897435897436,1.0,0.0,1.0
0,1.0,0.0,1.0,0.0,0.03829313543599258,0.034007727938176496,0.18668596237337193,0.7435897435897436,1.0,0.5,1.0
0,1.0,0.0,1.0,0.0,0.07024118738404453,0.0,0.18668596237337193,0.7435897435897436,1.0,0.0,1.0
1,0.0,0.0,0.0,0.0,0.03178726035868893,0.0,0.10274963820549927,0.7435897435897436,0.0,1.0,0.0
0,1.0,0.0,1.0,0.0,0.020655534941249228,0.04125566995464036,0.1316931982633864,0.7435897435897436,1.0,1.0,1.0
0,1.0,0.3333333333333333,1.0,0.0,0.0878169449598021,0.04000767993856049,0.14616497829232997,0.7435897435897436,0.0,1.0,0.0
0,1.0,0.0,1.0,0.0,0.18218923933209646,0.0,0.12590448625180897,0.7435897435897436,1.0,0.5,1.0
0,1.0,0.0,1.0,0.0,0.031119356833642548,0.10319917440660474,0.16208393632416787,0.7435897435897436,1.0,0.0,1.0
1,0.0,0.3333333333333333,0.0,0.0,0.05511440940012369,0.0,0.10419681620839363,0.7435897435897436,1.0,0.0,0.0
0,1.0,0.6666666666666666,1.0,0.0,0.07155225726654298,0.0,0.17945007235890015,0.7435897435897436,1.0,0.5,1.0
0,1.0,0.0,1.0,0.0,0.03426097711811998,0.0003868769251445988,0.11287988422575977,0.7435897435897436,1.0,0.0,1.0
0,0.0,0.0,0.0,0.0,0.031750154607297465,0.0,0.07380607814761216,0.358974358974359,1.0,1.0,1.0
1,0.0,0.3333333333333333,1.0,1.0,0.10481137909709339,0.0,0.2040520984081042,0.7435897435897436,1.0,0.5,1.0
0,0.0,0.0,1.0,0.0,0.07854050711193568,0.0,0.1389290882778582,0.7435897435897436,0.0,0.0,0.0
0,0.0,0.0,1.0,0.0,0.1574025974025974,0.0,0.573082489146165,0.7435897435897436,1.0,0.5,1.0
0,1.0,0.0,1.0,0.0,0.02813852813852814,0.05615955072359421,0.1939218523878437,0.7435897435897436,1.0,0.5,1.0
0,0.0,0.0,1.0,0.0,0.04452690166975881,0.0,0.1316931982633864,0.7435897435897436,1.0,1.0,1.0
1,1.0,0.0,1.0,0.0,0.12241187384044527,0.0,0.19885985841123324,0.48717948717948717,1.0,0.5,1.0
0,0.0,0.0,1.0,0.0,0.021966604823747682,0.04442364461084311,0.059334298118668596,0.7435897435897436,1.0,0.5,1.0
0,1.0,0.0,1.0,0.0,0.02551638837353123,0.026999784001727985,0.19885985841123324,0.7435897435897436,1.0,1.0,1.0
0,0.0,0.0,1.0,1.0,0.12697588126159554,0.0,0.2575976845151954,0.7435897435897436,0.0,1.0,0.0
1,1.0,0.0,0.0,1.0,0.08648113790970934,0.0,0.18668596237337193,0.7435897435897436,1.0,0.0,1.0
0,0.0,0.0,1.0,0.0,0.04341372912801484,0.12153502771977824,0.2575976845151954,0.7435897435897436,1.0,0.5,1.0
0,1.0,0.0,1.0,0.0,0.09586889301175015,0.043991648066815464,0.24746743849493488,0.7435897435897436,1.0,0.0,1.0
0,0.0,1.0,0.0,0.0,0.056363636363636366,0.04783161734706123,0.2011577424023155,0.7435897435897436,1.0,0.5,1.0
0,0.0,0.3333333333333333,1.0,0.0,0.4646753246753247,0.0,0.20694645441389292,0.7435897435897436,1.0,0.5,1.0
0,1.0,0.0,1.0,0.0,0.08884353741496599,0.19999040007679939,0.2402315484804631,0.6153846153846154,1.0,0.0,1.0
0,1.0,0.3333333333333333,1.0,1.0,0.04101422387136673,0.029039767681858546,0.17510853835021709,0.7435897435897436,1.0,0.0,1.0
0,1.0,0.6666666666666666,0.0,0.0,0.055683364254792825,0.0,0.14616497829232997,0.7435897435897436,1.0,0.0,1.0
0,1.0,0.0,1.0,0.0,0.04191713048855906,0.033023735810113516,0.06657018813314038,0.7435897435897436,1.0,0.0,0.0
0,1.0,0.6666666666666666,1.0,0.0,0.03945578231292517,0.04103967168262654,0.2040520984081042,0.7435897435897436,0.0,0.0,0.0
0,0.0,0.3333333333333333,0.0,1.0,0.032393320964749533,0.03700770393836849,0.2619392185238784,0.7435897435897436,1.0,0.5,0.0
0,1.0,0.6666666666666666,0.0,0.0,0.026703772418058134,0.030119759041927666,0.1678726483357453,0.7435897435897436,0.0,0.0,0.0
0,1.0,0.6666666666666666,0.0,0.0,0.022362399505256647,0.0349437204502364,0.07380607814761216,0.6153846153846154,1.0,1.0,1.0
0,1.0,0.0,1.0,0.0,0.04697588126159555,0.041591667266661865,0.20260492040520983,0.7435897435897436,0.0,0.0,0.0
0,1.0,0.0,1.0,0.0,0.028855905998763143,0.059183526531787746,0.11722141823444283,0.358974358974359,0.0,0.0,1.0
0,0.0,0.0,1.0,1.0,0.08577612863327148,0.0,0.1085383502170767,0.7435897435897436,1.0,0.5,1.0
0,1.0,0.6666666666666666,1.0,0.0,0.04587507730364873,0.0,0.12590448625180897,0.7435897435897436,1.0,0.5,1.0
0,1.0,0.0,1.0,0.0,0.05134199134199134,0.0,0.1577424023154848,0.7435897435897436,1.0,1.0,1.0
0,1.0,0.0,1.0,0.0,0.044007421150278295,0.06165550675594595,0.23733719247467439,0.7435897435897436,1.0,1.0,0.0
0,0.0,0.6666666666666666,1.0,0.0,0.05199752628324057,0.0,0.1837916063675832,0.7435897435897436,1.0,0.0,1.0
0,1.0,0.0,1.0,0.0,0.10122448979591837,0.0,0.21852387843704776,0.7435897435897436,1.0,0.5,0.0
0,1.0,0.0,1.0,1.0,0.023908472479901053,0.09799121607027143,0.21852387843704776,0.7435897435897436,1.0,0.5,1.0
0,1.0,1.0,1.0,0.0,0.09387755102040816,0.0,0.17221418234442837,0.358974358974359,1.0,1.0,1.0
0,1.0,0.0,1.0,0.0,0.035435992578849725,0.05251157990736074,0.20839363241678727,0.7435897435897436,1.0,0.0,1.0
1,0.0,0.3333333333333333,0.0,0.0,0.06235003092145949,0.0,0.17800289435600578,0.7435897435897436,1.0,0.5,1.0
0,0.0,0.0,1.0,0.0,0.04967223252937539,0.0,0.1287988422575977,0.7435897435897436,0.0,0.5,0.0
0,0.0,0.0,1.0,0.0,0.07235621521335807,0.0,0.18958031837916064,0.7435897435897436,1.0,0.0,1.0
0,1.0,1.0,0.0,0.0,0.034594928880643167,0.039935680514555885,0.08827785817655572,0.358974358974359,0.0,1.0,0.0
0,1.0,0.0,1.0,0.0,0.20460111317254173,0.0,0.14616497829232997,0.7435897435897436,1.0,0.5,1.0
1,1.0,0.6666666666666666,0.0,0.0,0.0007421150278293135,0.07000743994048048,0.1287988422575977,0.7435897435897436,1.0,0.5,1.0
0,1.0,0.0,1.0,0.0,0.05173778602350031,0.058823529411764705,0.14616497829232997,0.7435897435897436,1.0,1.0,0.0
0,1.0,0.3333333333333333,1.0,1.0,0.04081632653061224,0.049895600835193316,0.22141823444283648,0.7435897435897436,1.0,0.5,1.0
0,1.0,0.3333333333333333,0.0,0.0,0.03095856524427953,0.03599971200230398,0.15050651230101303,0.358974358974359,0.0,0.0,0.0
0,1.0,1.0,1.0,0.0,0.05616573902288188,0.0,0.1316931982633864,0.7435897435897436,1.0,0.5,1.0
1,0.0,0.0,1.0,1.0,0.02906617192331478,0.0,0.12156295224312591,0.7435897435897436,1.0,1.0,1.0
0,0.0,0.6666666666666666,1.0,0.0,0.06656771799628942,0.11155110759113927,0.22141823444283648,0.7435897435897436,1.0,0.0,1.0
0,1.0,0.6666666666666666,1.0,1.0,0.20253555967841683,0.02433580531355749,0.2040520984081042,0.7435897435897436,1.0,0.0,1.0
0,1.0,0.6666666666666666,1.0,0.0,0.08101422387136673,0.04199966400268798,0.31982633863965265,0.6153846153846154,1.0,0.5,1.0
0,1.0,0.6666666666666666,1.0,0.0,0.03367965367965368,0.04492764057887537,0.17800289435600578,0.7435897435897436,0.0,0.5,0.0
0,1.0,0.3333333333333333,1.0,1.0,0.20429189857761287,0.05399956800345597,0.11143270622286541,0.7435897435897436,1.0,0.5,1.0
0,1.0,0.6666666666666666,1.0,0.0,0.034594928880643167,0.03847169222646219,0.19885985841123324,0.7435897435897436,1.0,1.0,0.0
1,0.0,0.0,0.0,0.0,0.05194805194805195,0.0,0.2098408104196816,0.7435897435897436,1.0,0.0,1.0
0,1.0,1.0,0.0,0.0,0.03642547928262214,0.0,0.15050651230101303,0.7435897435897436,1.0,0.0,1.0
0,1.0,0.0,1.0,0.0,0.023908472479901053,0.07559939520483835,0.17221418234442837,0.7435897435897436,1.0,0.5,1.0
0,1.0,0.0,1.0,0.0,0.13213358070500927,0.0,0.3256150506512301,0.7435897435897436,1.0,0.5,1.0
0,1.0,0.6666666666666666,1.0,0.0,0.10121212121212121,0.0,0.3429811866859624,0.7435897435897436,1.0,0.5,1.0
0,1.0,0.3333333333333333,0.0,0.0,0.022362399505256647,0.058463532291741664,0.17655571635311143,0.7435897435897436,1.0,0.0,1.0
0,0.0,0.6666666666666666,1.0,0.0,0.0420160791589363,0.0,0.10274963820549927,0.7435897435897436,0.0,0.0,0.0
0,1.0,0.3333333333333333,1.0,0.0,0.22489795918367347,0.0,0.7105643994211288,0.7435897435897436,1.0,1.0,0.0
0,1.0,0.6666666666666666,1.0,1.0,0.05482993197278912,0.049991600067199465,0.21852387843704776,0.7435897435897436,1.0,0.5,1.0
0,0.0,0.0,1.0,0.0,0.02826221397649969,0.0,0.0955137481910275,0.7435897435897436,1.0,1.0,0.0
0,0.0,0.0,0.0,0.0,0.03152752009894867,0.06683946528427773,0.12590448625180897,0.7435897435897436,1.0,0.5,1.0
0,1.0,0.3333333333333333,0.0,0.0,0.06410636982065554,0.027143782849737202,0.25615050651230103,0.7435897435897436,1.0,1.0,1.0
0,0.0,0.0,0.0,0.0,0.04379715522572666,0.0,0.14616497829232997,0.7435897435897436,1.0,0.0,1.0
1,0.0,0.0,0.0,1.0,0.21166357452071738,0.0,0.3125904486251809,0.7435897435897436,1.0,0.5,1.0
0,1.0,0.0,1.0,0.0,0.042634508348794065,0.051767585859313126,0.15918958031837915,0.7435897435897436,0.0,0.0,0.0
1,1.0,0.3333333333333333,1.0,0.0,0.039282622139764994,0.021911824705402358,0.1389290882778582,0.15384615384615385,1.0,0.5,1.0
0,1.0,0.0,0.0,0.0,0.030303030303030304,0.04079967360261118,0.14182344428364688,0.7435897435897436,1.0,0.0,1.0
0,1.0,0.0,1.0,0.0,0.055349412492269635,0.06856745146038831,0.1476121562952243,0.0,1.0,1.0,1.0
0,1.0,0.3333333333333333,1.0,1.0,0.0339517625231911,0.0,0.12445730824891461,0.7435897435897436,1.0,0.5,1.0
0,0.0,0.0,1.0,0.0,0.075856524427953,0.10598315213478292,0.2894356005788712,0.7435897435897436,0.0,0.0,0.0
1,0.0,0.0,1.0,0.0,0.006122448979591836,0.08839129286965704,0.15050651230101303,1.0,1.0,0.0,1.0
1,0.0,0.0,1.0,0.0,0.037217068645640075,0.0,0.1316931982633864,0.7435897435897436,1.0,0.5,1.0
0,1.0,0.6666666666666666,1.0,0.0,0.05831787260358689,0.1349749202006384,0.28798842257597684,0.7435897435897436,1.0,0.5,1.0
0,1.0,0.3333333333333333,0.0,0.0,0.04823747680890538,0.1272469820241438,0.18668596237337193,0.7435897435897436,1.0,0.0,0.0
0,1.0,0.0,0.0,0.0,0.04531849103277675,0.03559171526627787,0.16642547033285093,0.6153846153846154,1.0,0.5,1.0
0,1.0,0.6666666666666666,1.0,0.0,0.04155844155844156,0.10598315213478292,0.3386396526772793,0.7435897435897436,1.0,0.0,1.0
0,1.0,0.0,1.0,0.0,0.25581941867656155,0.16000671994624044,0.6816208393632417,0.7435897435897436,1.0,1.0,1.0
0,0.0,0.0,1.0,0.0,0.04246134817563389,0.0,0.12590448625180897,0.7435897435897436,1.0,1.0,0.0
0,1.0,0.0,1.0,1.0,0.028806431663574522,0.07231142150862793,0.2590448625180897,0.7435897435897436,1.0,1.0,1.0
1,0.0,0.3333333333333333,1.0,0.0,0.1621768707482993,0.0,0.04486251808972504,0.7435897435897436,1.0,1.0,1.0
0,0.0,0.0,0.0,0.0,0.04264687693259122,0.030887752897976815,0.1316931982633864,0.7435897435897436,1.0,0.0,0.0
0,1.0,0.3333333333333333,1.0,0.0,0.07316017316017316,0.04809561523507812,0.34876989869753977,0.7435897435897436,1.0,0.5,1.0
0,1.0,0.6666666666666666,1.0,0.0,0.03875077303648732,0.04883960928312574,0.2011577424023155,0.7435897435897436,1.0,1.0,1.0
0,1.0,0.0,1.0,0.0,0.024489795918367346,0.1599827201382389,0.08827785817655572,0.358974358974359,1.0,0.5,0.0
0,0.0,0.0,1.0,0.0,0.07006802721088436,0.08798329613363093,0.4370477568740955,0.7435897435897436,1.0,0.0,0.0
0,1.0,1.0,1.0,0.0,0.04101422387136673,0.08227134182926536,0.2040520984081042,0.7435897435897436,1.0,0.0,1.0
1,1.0,0.6666666666666666,1.0,0.0,0.02326530612244898,0.03916768665850673,0.15050651230101303,1.0,1.0,0.5,1.0
0,1.0,0.0,0.0,0.0,0.03616573902288188,0.04319965440276478,0.1649782923299566,0.7435897435897436,0.0,0.5,0.0
0,0.0,0.0,1.0,0.0,0.056066790352504635,0.04595963232294142,0.25470332850940663,0.7435897435897436,1.0,0.5,0.0
1,0.0,0.0,0.0,0.0,0.04019789734075448,0.0,0.12445730824891461,0.7435897435897436,1.0,0.0,0.0
0,1.0,0.6666666666666666,0.0,0.0,0.02525664811379097,0.04180766553867569,0.05209840810419682,0.7435897435897436,1.0,0.5,1.0
0,0.0,0.0,1.0,0.0,0.02906617192331478,0.0,0.06657018813314038,0.7435897435897436,1.0,0.5,1.0
0,1.0,1.0,1.0,1.0,0.06836116264687693,0.034175726594187245,0.1316931982633864,0.7435897435897436,1.0,0.0,1.0
0,1.0,0.6666666666666666,1.0,1.0,0.09645021645021645,0.1719826241390069,0.6816208393632417,0.7435897435897436,1.0,0.0,1.0
0,0.0,0.0,1.0,0.0,0.05602968460111317,0.05008759929920561,0.19885985841123324,0.7435897435897436,1.0,0.5,0.0
0,1.0,0.6666666666666666,1.0,1.0,0.21459492888064316,0.0,0.5658465991316932,0.7435897435897436,1.0,0.0,1.0
0,1.0,0.0,1.0,0.0,0.04483611626468769,0.0,0.14616497829232997,0.7435897435897436,1.0,0.5,1.0
0,1.0,0.3333333333333333,0.0,0.0,0.06351267779839208,0.03431972544219646,0.2199710564399421,0.7435897435897436,0.0,0.5,1.0
0,0.0,0.3333333333333333,0.0,0.0,0.03128014842300557,0.031247750017999856,0.12301013024602026,0.7435897435897436,1.0,0.5,1.0
0,0.0,0.0,0.0,0.0,0.08204081632653061,0.0,0.17510853835021709,0.7435897435897436,1.0,0.5,1.0
0,1.0,0.0,1.0,0.0,0.010822510822510822,0.13199894400844794,0.2995658465991317,0.7435897435897436,1.0,0.0,1.0
0,1.0,1.0,1.0,0.0,0.05109461966604824,0.0,0.1316931982633864,0.7435897435897436,1.0,1.0,1.0
0,0.0,0.6666666666666666,1.0,0.0,0.04252319109461967,0.0,0.14616497829232997,0.7435897435897436,0.0,0.0,0.0
0,0.0,0.3333333333333333,1.0,0.0,0.137291280148423,0.0,0.2706222865412446,0.7435897435897436,1.0,0.5,0.0
1,0.0,0.0,0.0,1.0,0.22282003710575138,0.0,0.1678726483357453,0.7435897435897436,1.0,1.0,1.0
0,0.0,0.0,0.0,0.0,0.029684601113172542,0.049007607939136485,0.16931982633863965,0.7435897435897436,1.0,0.0,1.0
0,1.0,0.0,1.0,0.0,0.07400123685837971,0.09374325005399957,0.4558610709117221,0.7435897435897436,1.0,1.0,1.0
0,0.0,0.6666666666666666,1.0,0.0,0.04288188002473717,0.0,0.14182344428364688,0.7435897435897436,1.0,0.5,1.0
0,1.0,0.0,0.0,0.0,0.03422387136672851,0.01286389708882329,0.0824891461649783,0.7435897435897436,1.0,0.0,0.0
0,1.0,1.0,1.0,0.0,0.07751391465677179,0.0,0.2141823444283647,0.358974358974359,1.0,0.0,1.0
1,1.0,0.3333333333333333,1.0,0.0,0.055139146567718,0.06827945376436989,0.18958031837916064,0.358974358974359,1.0,0.5,1.0
1,0.0,0.0,1.0,0.0,0.02458874458874459,0.0,0.13024602026049203,0.7435897435897436,0.0,0.5,0.0
1,0.0,0.3333333333333333,1.0,0.0,0.0433147804576376,0.0,0.12445730824891461,0.7435897435897436,1.0,0.5,1.0
0,1.0,0.3333333333333333,0.0,0.0,0.025837971552257265,0.060575515395876835,0.17221418234442837,0.7435897435897436,1.0,1.0,1.0
1,1.0,0.0,0.0,0.0,0.035460729746444035,0.01591187270501836,0.1345875542691751,0.7435897435897436,1.0,0.5,1.0
0,1.0,0.0,1.0,0.0,0.03238095238095238,0.04679962560299518,0.21128798842257598,0.7435897435897436,1.0,0.0,1.0
0,0.0,0.0,0.0,0.0,0.03967841682127397,0.0,0.10274963820549927,0.05128205128205128,1.0,0.5,0.0
0,0.0,0.0,1.0,0.0,0.029387755102040815,0.04279165766673867,0.19681620839363242,0.7435897435897436,1.0,0.0,1.0
1,0.0,0.0,1.0,0.0,0.05998763141620284,0.0,0.13603473227206947,0.7435897435897436,0.0,0.5,0.0
0,1.0,0.0,1.0,0.0,0.03259121830550402,0.048383612931096553,0.14616497829232997,0.7435897435897436,1.0,0.0,1.0
0,1.0,0.6666666666666666,1.0,1.0,0.08018552875695732,0.0,0.19885985841123324,0.7435897435897436,0.0,0.0,0.0
0,1.0,0.3333333333333333,0.0,0.0,0.02896722325293754,0.05699954400364797,0.19885985841123324,0.7435897435897436,1.0,0.0,1.0
0,1.0,0.3333333333333333,1.0,0.0,0.03936920222634508,0.07799937600499196,0.21562952243125905,0.7435897435897436,1.0,1.0,1.0
0,1.0,0.0,0.0,0.0,0.02849721706864564,0.05599155206758346,0.24891461649782923,0.7435897435897436,0.0,1.0,0.0
0,1.0,0.0,1.0,0.0,0.042585034013605444,0.10238318093455252,0.17800289435600578,0.358974358974359,0.0,0.0,0.0
0,1.0,0.3333333333333333,1.0,0.0,0.0657761286332715,0.02476780185758514,0.024602026049204053,0.7435897435897436,1.0,0.5,1.0
1,0.0,0.0,1.0,0.0,0.031131725417439703,0.03899968800249598,0.1085383502170767,0.7435897435897436,1.0,1.0,1.0
0,1.0,1.0,1.0,1.0,0.12354978354978355,0.0,0.36324167872648333,0.7435897435897436,1.0,0.5,1.0
0,1.0,0.0,1.0,0.0,0.046221397649969076,0.06405548755609955,0.22141823444283648,0.7435897435897436,1.0,0.5,1.0
1,1.0,0.0,1.0,0.0,0.04984539270253556,0.05534355725154199,0.2503617945007236,0.7435897435897436,1.0,0.5,1.0
0,1.0,0.6666666666666666,0.0,0.0,0.04359925788497217,0.0058079535363717094,0.14327062228654125,0.7435897435897436,1.0,0.5,1.0
1,1.0,0.3333333333333333,1.0,1.0,0.23913419913419914,0.0,0.8552821997105644,0.7435897435897436,1.0,0.5,1.0
0,1.0,0.0,1.0,0.0,0.07140383426097711,0.04929560563515492,0.29232995658465993,0.7435897435897436,1.0,0.0,1.0
0,0.0,0.0,0.0,1.0,0.06988249845392702,0.0,0.17800289435600578,0.7435897435897436,1.0,0.5,1.0
0,1.0,0.6666666666666666,1.0,0.0,0.10697588126159555,0.0,0.36034732272069464,0.7435897435897436,0.0,1.0,0.0
0,1.0,0.0,0.0,0.0,0.05339517625231911,0.0,0.16063675832127353,0.7435897435897436,1.0,0.0,1.0
0,0.0,0.0,1.0,0.0,0.03936920222634508,0.0,0.08827785817655572,0.7435897435897436,1.0,1.0,1.0
0,1.0,1.0,1.0,0.0,0.04019789734075448,0.05999952000383997,0.1649782923299566,0.7435897435897436,0.0,0.0,0.0
1,0.0,0.0,1.0,0.0,0.027557204700061844,0.0,0.0,0.7435897435897436,1.0,1.0,0.0
0,1.0,0.0,1.0,0.0,0.03730364873222016,0.04953560371517028,0.13748191027496381,0.7435897435897436,0.0,1.0,0.0
0,1.0,0.3333333333333333,1.0,0.0,0.04040816326530612,0.04199966400268798,0.25615050651230103,0.7435897435897436,1.0,1.0,1.0
0,1.0,0.0,1.0,0.0,0.06142238713667285,0.03482372141022872,0.22575976845151954,0.7435897435897436,0.0,1.0,0.0
0,1.0,0.6666666666666666,1.0,0.0,0.2042795299938157,0.0,0.3849493487698987,0.7435897435897436,1.0,1.0,1.0
0,1.0,0.6666666666666666,0.0,0.0,0.07390228818800247,0.03899968800249598,0.2575976845151954,1.0,1.0,0.5,0.0
0,1.0,1.0,1.0,0.0,0.0773778602350031,0.0,0.2040520984081042,0.7435897435897436,1.0,0.5,0.0
0,1.0,0.6666666666666666,1.0,0.0,0.037217068645640075,0.01106391148870809,0.14327062228654125,0.15384615384615385,1.0,1.0,1.0
0,1.0,0.0,1.0,0.0,0.036326530612244896,0.053039575683394534,0.1837916063675832,0.7435897435897436,0.0,0.5,0.0
0,0.0,0.0,1.0,0.0,0.03808286951144094,0.06573547411620707,0.14616497829232997,0.7435897435897436,1.0,1.0,1.0
0,1.0,0.3333333333333333,1.0,0.0,0.020185528756957328,0.05356757145942832,0.14182344428364688,0.7435897435897436,1.0,0.0,1.0
0,0.0,0.0,1.0,0.0,0.037501546072974644,0.07000743994048048,0.2199710564399421,0.7435897435897436,1.0,1.0,1.0
0,1.0,0.6666666666666666,1.0,0.0,0.0790352504638219,0.0,0.28364688856729375,0.7435897435897436,1.0,0.5,1.0
0,0.0,0.0,1.0,0.0,0.02085343228200371,0.8120815033479732,0.11722141823444283,0.7435897435897436,1.0,1.0,0.0
1,1.0,0.0,1.0,0.0,0.03730364873222016,0.0,0.03907380607814761,0.7435897435897436,1.0,0.5,1.0
0,1.0,0.3333333333333333,1.0,0.0,0.02139764996907854,0.0,0.07525325615050651,0.7435897435897436,1.0,0.0,0.0
0,1.0,0.3333333333333333,1.0,0.0,0.03261595547309833,0.04600763193894449,0.19826338639652677,0.7435897435897436,0.0,0.0,0.0
0,1.0,0.3333333333333333,1.0,0.0,0.05111935683364255,0.07199942400460796,0.23589001447178004,0.15384615384615385,1.0,0.0,0.0
0,1.0,0.0,1.0,0.0,0.02655534941249227,0.036527707778337776,0.13748191027496381,0.7435897435897436,1.0,1.0,1.0
1,0.0,0.0,0.0,0.0,0.02492269635126778,0.0,0.08827785817655572,0.7435897435897436,1.0,0.5,1.0
0,0.0,0.0,1.0,0.0,0.05689548546691404,0.0,0.12301013024602026,0.7435897435897436,1.0,0.5,1.0
0,1.0,0.6666666666666666,1.0,1.0,0.03186147186147186,0.0,0.14037626628075253,0.7435897435897436,0.0,0.5,0.0
0,1.0,0.0,1.0,0.0,0.03525046382189239,0.08198334413324694,0.06801736613603473,0.358974358974359,1.0,0.5,1.0
0,1.0,0.6666666666666666,1.0,1.0,0.07235621521335807,0.0,0.28364688856729375,0.48717948717948717,1.0,0.5,0.0
0,0.0,1.0,1.0,1.0,0.11387755102040817,0.0,0.40955137481910275,0.7435897435897436,1.0,0.5,1.0
0,1.0,0.0,1.0,0.0,0.04587507730364873,0.07919936640506876,0.19247467438494936,0.358974358974359,1.0,0.0,1.0
0,1.0,0.0,1.0,1.0,0.19752628324056895,0.0,0.36324167872648333,0.7435897435897436,1.0,1.0,1.0
0,0.0,0.0,0.0,0.0,0.0455534941249227,0.0,0.14616497829232997,0.7435897435897436,1.0,0.0,1.0
0,1.0,0.6666666666666666,0.0,1.0,0.07709338280766852,0.023999808001535988,0.2575976845151954,0.7435897435897436,1.0,0.0,0.0
0,0.0,0.0,1.0,0.0,0.03508967223252937,0.0,0.11432706222865413,0.7435897435897436,0.0,0.5,0.0
0,1.0,0.0,1.0,1.0,0.12137291280148423,0.0,0.24746743849493488,0.7435897435897436,1.0,0.0,1.0
0,1.0,0.6666666666666666,1.0,0.0,0.06963512677798392,0.0,0.26483357452966716,0.7435897435897436,1.0,1.0,1.0
1,0.0,1.0,1.0,0.0,0.00329004329004329,1.0,0.4934876989869754,0.358974358974359,1.0,1.0,0.0
0,1.0,0.0,0.0,0.0,0.03393939393939394,0.06700746394028848,0.21128798842257598,0.7435897435897436,1.0,0.0,1.0
0,1.0,1.0,1.0,0.0,0.06868274582560296,0.0,0.17221418234442837,0.7435897435897436,1.0,1.0,1.0
0,0.0,0.0,1.0,0.0,0.04361162646876932,0.10322317421460628,0.23589001447178004,0.7435897435897436,1.0,0.0,1.0
1,1.0,0.3333333333333333,1.0,0.0,0.14656771799628943,0.0,0.7047756874095513,0.7435897435897436,1.0,0.5,1.0
0,1.0,0.0,0.0,0.0,0.027829313543599257,0.09119927040583675,0.19885985841123324,0.358974358974359,1.0,1.0,0.0
0,1.0,0.3333333333333333,1.0,0.0,0.04019789734075448,0.05999952000383997,0.23733719247467439,0.7435897435897436,1.0,0.5,1.0
0,1.0,0.6666666666666666,0.0,0.0,0.0474582560296846,0.03386372909016728,0.2141823444283647,0.7435897435897436,1.0,0.0,1.0
0,1.0,0.0,1.0,0.0,0.03811997526283241,0.04679962560299518,0.14327062228654125,0.7435897435897436,1.0,0.0,1.0
1,0.0,0.0,1.0,0.0,0.034013605442176874,0.0,0.08972503617945007,0.7435897435897436,1.0,0.0,1.0
0,1.0,1.0,1.0,0.0,0.04893011750154607,0.0,0.04486251808972504,0.358974358974359,1.0,0.0,1.0
0,1.0,0.3333333333333333,1.0,0.0,0.09798392084106369,0.005759953920368637,0.35311143270622286,0.7435897435897436,1.0,1.0,1.0
0,1.0,0.6666666666666666,1.0,0.0,0.0919356833642548,0.0,0.2575976845151954,0.7435897435897436,1.0,1.0,1.0
1,0.0,0.0,1.0,1.0,0.05482993197278912,0.0,0.17945007235890015,0.7435897435897436,0.0,0.5,0.0
